Model,ROC_AUC,Prec(1),Rec(1),F1(1),Accuracy
DT_baseline,0.7887441638370118,0.10022779043280182,0.7096774193548387,0.17564870259481039,0.6768388106416275
DT_tuned,0.7585420203735145,0.1836734693877551,0.2903225806451613,0.225,0.9029733959311425
